﻿<?xml version="1.0" encoding="utf-8"?>
<publishData>
  <publishProfile publishUrl="C:\Documents and Settings\MADHU-PC\Desktop\Nandini" deleteExistingFiles="False" ftpAnonymousLogin="False" ftpPassiveMode="True" msdeploySite="" msdeploySiteID="" msdeployRemoteSitePhysicalPath="" msdeployAllowUntrustedCertificate="False" msdeploySkipExtraFilesOnServer="True" msdeployMarkAsApp="False" profileName="Profile1" publishMethod="FileSystem" replaceMatchingFiles="True" userName="" savePWD="False" userPWD="" SelectedForPublish="True">
    <file relUrl="Customer/Products.aspx" publishTime="03/05/2015 15:40:17" />
    <file relUrl="Guest/CustomerRegistration.aspx" publishTime="03/05/2015 16:14:03" />
    <file relUrl="Customer/CustomerHome.aspx" publishTime="11/22/2014 10:38:55" />
    <file relUrl="images/delete7.png" publishTime="11/21/2014 15:14:30" />
    <file relUrl="images/delete2.png" publishTime="11/21/2014 15:14:30" />
    <file relUrl="images/blog-img1.jpg" publishTime="10/07/2014 10:56:46" />
    <file relUrl="images/icon5.png" publishTime="10/07/2014 10:56:46" />
    <file relUrl="images/det_pic2.jpg" publishTime="10/07/2014 10:56:46" />
    <file relUrl="images/img2.jpg" publishTime="10/07/2014 10:56:46" />
    <file relUrl="js/jquery.fancybox.pack.js" publishTime="10/07/2014 10:56:46" />
    <file relUrl="images/up_arrow.png" publishTime="10/07/2014 10:56:48" />
    <file relUrl="css/jquery.mmenu.all.css" publishTime="10/07/2014 10:56:46" />
    <file relUrl="Customer/CustomerMasterPage.Master" publishTime="03/05/2015 15:42:15" />
    <file relUrl="images/0001-5.jpg" publishTime="10/07/2014 10:56:46" />
    <file relUrl="images/large/0001-5.jpg" publishTime="10/07/2014 10:56:48" />
    <file relUrl="images/close.png" publishTime="10/07/2014 10:56:46" />
    <file relUrl="images/pic2.jpg" publishTime="10/07/2014 10:56:48" />
    <file relUrl="images/f_pic1.jpg" publishTime="10/07/2014 10:56:46" />
    <file relUrl="Admin/DiscussionForum.aspx" publishTime="11/28/2014 16:12:43" />
    <file relUrl="images/delivery.png" publishTime="10/07/2014 10:56:46" />
    <file relUrl="images/small/0001-5.jpg" publishTime="10/07/2014 10:56:48" />
    <file relUrl="images/top-move.jpg" publishTime="10/07/2014 10:56:48" />
    <file relUrl="images/delete1.png" publishTime="11/21/2014 15:14:30" />
    <file relUrl="images/img3.jpg" publishTime="10/07/2014 10:56:46" />
    <file relUrl="images/delbtn3.jpeg" publishTime="11/20/2014 15:57:14" />
    <file relUrl="images/0001-3.jpg" publishTime="10/07/2014 10:56:46" />
    <file relUrl="images/pic5.jpg" publishTime="10/07/2014 10:56:48" />
    <file relUrl="images/slider-image2.jpg" publishTime="10/07/2014 10:56:48" />
    <file relUrl="images/0001-4.jpg" publishTime="10/07/2014 10:56:46" />
    <file relUrl="Guest/Register.aspx" publishTime="10/25/2014 11:46:02" />
    <file relUrl="Guest/Companies.aspx" publishTime="11/05/2014 10:27:22" />
    <file relUrl="Admin/AdminAccount.aspx" publishTime="03/17/2016 12:46:22" />
    <file relUrl="images/NewCustomers.jpg" publishTime="10/20/2014 12:15:52" />
    <file relUrl="images/f_pic6.jpg" publishTime="10/07/2014 10:56:46" />
    <file relUrl="images/facebook.png" publishTime="10/07/2014 10:56:46" />
    <file relUrl="images/search.png" publishTime="10/07/2014 10:56:48" />
    <file relUrl="images/logo1.png" publishTime="11/20/2014 12:13:15" />
    <file relUrl="images/small/0001-3.jpg" publishTime="10/07/2014 10:56:48" />
    <file relUrl="images/blog-img2.jpg" publishTime="10/07/2014 10:56:46" />
    <file relUrl="images/icon_1.png" publishTime="10/07/2014 10:56:46" />
    <file relUrl="images/icon1.png" publishTime="10/07/2014 10:56:46" />
    <file relUrl="images/thumbs/4.jpg" publishTime="10/07/2014 10:56:48" />
    <file relUrl="js/productviewgallery.js" publishTime="10/07/2014 10:56:46" />
    <file relUrl="images/small/0001-1.jpg" publishTime="10/07/2014 10:56:48" />
    <file relUrl="images/delete5.jpg" publishTime="11/21/2014 15:14:30" />
    <file relUrl="images/PDF3.jpg" publishTime="11/20/2014 11:38:32" />
    <file relUrl="signout.aspx" publishTime="03/05/2015 15:40:47" />
    <file relUrl="images/0001-1.jpg" publishTime="10/07/2014 10:56:46" />
    <file relUrl="images/twitter.png" publishTime="10/07/2014 10:56:48" />
    <file relUrl="images/large/0001-1.jpg" publishTime="10/07/2014 10:56:46" />
    <file relUrl="images/pic6.jpg" publishTime="10/07/2014 10:56:48" />
    <file relUrl="images/f_pic5.jpg" publishTime="10/07/2014 10:56:46" />
    <file relUrl="js/jquery.eislideshow.js" publishTime="10/07/2014 10:56:46" />
    <file relUrl="Admin/Comments.aspx" publishTime="10/20/2014 19:04:38" />
    <file relUrl="images/icon_3.png" publishTime="10/07/2014 10:56:46" />
    <file relUrl="js/jquery.mmenu.js" publishTime="10/07/2014 10:56:46" />
    <file relUrl="Company/AddValues.aspx" publishTime="11/14/2014 10:45:58" />
    <file relUrl="Company/AddProducts.aspx" publishTime="03/27/2015 13:53:45" />
    <file relUrl="Guest/Login.aspx" publishTime="11/05/2014 10:47:14" />
    <file relUrl="images/slider-image1.jpg" publishTime="10/07/2014 10:56:48" />
    <file relUrl="images/delete8.png" publishTime="11/21/2014 15:19:25" />
    <file relUrl="images/rss.png" publishTime="10/07/2014 10:56:48" />
    <file relUrl="Admin/QueryReply.aspx" publishTime="11/21/2014 17:45:52" />
    <file relUrl="Guest/Contactus.aspx" publishTime="11/20/2014 12:24:15" />
    <file relUrl="images/slider-image5.jpg" publishTime="10/07/2014 10:56:48" />
    <file relUrl="js/cloud-zoom.1.0.3.min.js" publishTime="10/07/2014 10:56:46" />
    <file relUrl="images/delete3.png" publishTime="11/21/2014 15:14:30" />
    <file relUrl="Web.config" publishTime="05/03/2016 13:29:25" />
    <file relUrl="images/large/0001-3.jpg" publishTime="10/07/2014 10:56:46" />
    <file relUrl="images/art.png" publishTime="10/07/2014 10:56:46" />
    <file relUrl="images/logo.png" publishTime="10/07/2014 10:56:48" />
    <file relUrl="images/delete6.png" publishTime="11/21/2014 15:14:30" />
    <file relUrl="bin/productDemandForecasting.pdb" publishTime="04/27/2016 10:33:03" />
    <file relUrl="images/nav-icon.png" publishTime="10/07/2014 10:56:48" />
    <file relUrl="images/small/0001-2.jpg" publishTime="10/07/2014 10:56:48" />
    <file relUrl="images/thumbs/1.jpg" publishTime="10/07/2014 10:56:48" />
    <file relUrl="Company/Categories.aspx" publishTime="11/14/2014 10:31:32" />
    <file relUrl="images/slider-image4.jpg" publishTime="10/07/2014 10:56:48" />
    <file relUrl="images/slider-image3.jpg" publishTime="10/07/2014 10:56:48" />
    <file relUrl="images/pic3.jpg" publishTime="10/07/2014 10:56:48" />
    <file relUrl="Guest/FAQs.aspx" publishTime="11/20/2014 12:26:11" />
    <file relUrl="Admin/AdminHome.aspx" publishTime="11/05/2014 10:28:52" />
    <file relUrl="images/large/0001-2.jpg" publishTime="10/07/2014 10:56:46" />
    <file relUrl="Company/AddProductFeatures.aspx" publishTime="11/29/2014 11:54:21" />
    <file relUrl="Admin/AdminMasterPage.Master" publishTime="03/16/2016 11:32:46" />
    <file relUrl="Guest/Customers.aspx" publishTime="11/05/2014 10:27:14" />
    <file relUrl="images/logo3.png" publishTime="11/21/2014 15:42:19" />
    <file relUrl="images/icon_2.png" publishTime="10/07/2014 10:56:46" />
    <file relUrl="images/icon3.png" publishTime="10/07/2014 10:56:46" />
    <file relUrl="images/replybtn.png" publishTime="11/21/2014 17:58:41" />
    <file relUrl="Company/CompanyAccount.aspx" publishTime="11/21/2014 18:10:46" />
    <file relUrl="css/slider.css" publishTime="10/07/2014 10:56:46" />
    <file relUrl="images/arrow-prev.png" publishTime="10/07/2014 10:56:46" />
    <file relUrl="images/thumbs/2.jpg" publishTime="10/07/2014 10:56:48" />
    <file relUrl="images/down_arrow.png" publishTime="10/07/2014 10:56:46" />
    <file relUrl="images/deletebtn.jpg" publishTime="11/05/2014 11:15:42" />
    <file relUrl="images/PDF2.jpg" publishTime="11/20/2014 11:38:32" />
    <file relUrl="Guest/Aboutus.aspx" publishTime="03/21/2016 13:32:25" />
    <file relUrl="images/small/0001-4.jpg" publishTime="10/07/2014 10:56:48" />
    <file relUrl="css/productviewgallery.css" publishTime="10/07/2014 10:56:46" />
    <file relUrl="images/f_pic3.jpg" publishTime="10/07/2014 10:56:46" />
    <file relUrl="images/replyicon.jpg" publishTime="11/21/2014 16:54:16" />
    <file relUrl="images/pic1.jpg" publishTime="10/07/2014 10:56:48" />
    <file relUrl="Company/Comments.aspx" publishTime="11/21/2014 18:09:49" />
    <file relUrl="Company/AddFeatures.aspx" publishTime="11/14/2014 10:34:54" />
    <file relUrl="images/thumbs/5.jpg" publishTime="10/07/2014 10:56:48" />
    <file relUrl="images/marker2.gif" publishTime="10/07/2014 10:56:48" />
    <file relUrl="images/img1.jpg" publishTime="10/07/2014 10:56:46" />
    <file relUrl="images/PDF4.jpg" publishTime="11/20/2014 11:38:32" />
    <file relUrl="images/icon_4.png" publishTime="10/07/2014 10:56:46" />
    <file relUrl="Company/CompanyHome.aspx" publishTime="02/11/2015 15:48:02" />
    <file relUrl="images/blog-img.jpg" publishTime="10/07/2014 10:56:46" />
    <file relUrl="images/f_pic4.jpg" publishTime="10/07/2014 10:56:46" />
    <file relUrl="images/delete4.png" publishTime="11/21/2014 15:14:30" />
    <file relUrl="Company/CompanyMasterPage.Master" publishTime="03/16/2016 11:33:57" />
    <file relUrl="Company/Queries.aspx" publishTime="02/11/2015 15:49:23" />
    <file relUrl="Company/Topics.aspx" publishTime="11/28/2014 16:22:14" />
    <file relUrl="Company/Ratings.aspx" publishTime="11/24/2014 18:14:50" />
    <file relUrl="images/PDF1.jpg" publishTime="11/20/2014 11:38:32" />
    <file relUrl="images/edit-10-xxl.png" publishTime="11/05/2014 16:36:52" />
    <file relUrl="images/arrow-next.png" publishTime="10/07/2014 10:56:46" />
    <file relUrl="images/pic4.jpg" publishTime="10/07/2014 10:56:48" />
    <file relUrl="images/large/0001-4.jpg" publishTime="10/07/2014 10:56:46" />
    <file relUrl="images/delbtn2.jpeg" publishTime="11/20/2014 15:57:14" />
    <file relUrl="images/about_pic.jpg" publishTime="10/07/2014 10:56:46" />
    <file relUrl="Company/Features.aspx" publishTime="11/05/2014 12:15:54" />
    <file relUrl="Admin/Customers.aspx" publishTime="11/05/2014 10:27:10" />
    <file relUrl="images/delbtn1.jpeg" publishTime="11/20/2014 15:57:14" />
    <file relUrl="images/icon4.png" publishTime="10/07/2014 10:56:46" />
    <file relUrl="js/move-top.js" publishTime="10/07/2014 10:56:46" />
    <file relUrl="Company/Photos/Nokia1100.jpg" publishTime="04/11/2015 18:21:10" />
    <file relUrl="images/0001-2.jpg" publishTime="10/07/2014 10:56:46" />
    <file relUrl="js/jquery.min.js" publishTime="10/07/2014 10:56:46" />
    <file relUrl="Customer/CustomerAccount.aspx" publishTime="11/22/2014 10:39:36" />
    <file relUrl="Customer/ProductDetails.aspx" publishTime="11/22/2014 19:09:03" />
    <file relUrl="bin/productDemandForecasting.dll" publishTime="04/27/2016 10:33:03" />
    <file relUrl="Admin/ExistingCompanies.aspx" publishTime="11/05/2014 10:30:06" />
    <file relUrl="js/easing.js" publishTime="10/07/2014 10:56:46" />
    <file relUrl="images/logo2.png" publishTime="11/21/2014 15:38:30" />
    <file relUrl="Guest/Index.aspx" publishTime="11/21/2014 18:14:20" />
    <file relUrl="Guest/GuestMasterPage.Master" publishTime="03/21/2016 13:28:41" />
    <file relUrl="images/gpluse.png" publishTime="10/07/2014 10:56:46" />
    <file relUrl="images/thumbs/3.jpg" publishTime="10/07/2014 10:56:48" />
    <file relUrl="Admin/CompanyQueries.aspx" publishTime="11/21/2014 18:04:01" />
    <file relUrl="Guest/CompanyRegistration.aspx" publishTime="03/05/2015 16:13:48" />
    <file relUrl="images/PDF5.jpg" publishTime="11/20/2014 11:38:32" />
    <file relUrl="images/det_pic1.jpg" publishTime="10/07/2014 10:56:46" />
    <file relUrl="css/style.css" publishTime="04/21/2015 11:50:44" />
    <file relUrl="images/NewCompanies.jpg" publishTime="10/20/2014 12:15:52" />
    <file relUrl="images/icon2.png" publishTime="10/07/2014 10:56:46" />
    <file relUrl="images/cart.png" publishTime="10/07/2014 10:56:46" />
    <file relUrl="images/f_pic2.jpg" publishTime="10/07/2014 10:56:46" />
    <file relUrl="Guest/Services.aspx" publishTime="11/20/2014 11:56:01" />
  </publishProfile>
</publishData>